x_0_truth,weight,x_1_truth,x_0_reco,x_1_reco
0.436743856357,1.0,1.37853010149,0.353748842204,1.4361297188
0.104475822546,1.0,1.16136404678,-0.0659741118552,1.52074984244
-1.04477589669,1.0,-0.97470665274,-0.873172308415,-0.464107163891
-1.19441355506,1.0,2.07529845581,-1.30218739433,1.68271765106
-0.523272619647,1.0,0.0584028939353,-0.643642448847,0.375666347262
-0.611515049973,1.0,-0.5860997599,-0.688494742939,-0.75933339226
-0.208402448644,1.0,0.756926827523,-0.531297369046,0.822798737461
0.581024819369,1.0,0.98155174882,0.750943159836,0.632694714417
-1.53164623714,1.0,1.73549769094,-1.52963175389,1.85484026627
0.16054830983,1.0,3.46810401907,0.0493122606898,3.57961627084
-1.70585910626,1.0,-2.39588581794,-1.88117748534,-1.90596915073
1.05621502576,1.0,2.41000097187,0.845764230776,2.90196272504
0.97472818149,1.0,2.50247482218,0.891646319501,2.69995740942
0.761816687295,1.0,0.420846665243,0.898110913851,0.453325911882
1.74939240787,1.0,1.32822486037,1.72036452875,0.94530774576
-0.850056866863,1.0,0.324875124974,-1.00749338518,-0.0792738403169
-1.64207601496,1.0,-1.36756398001,-1.19908205027,-1.0617025051
-1.0497693602,1.0,-0.721382461443,-0.864852023329,-0.975860871144
1.1795750125,1.0,2.8851915346,1.12176681752,2.78502470324
-0.106196558182,1.0,1.25578819546,0.129586165161,0.92531155054
0.640968710691,1.0,-0.223010327212,0.56488763092,0.402005360196
-0.0603461747056,1.0,-1.01859040498,-0.0592722890424,-0.553016473022
-1.02146304581,1.0,0.354532486629,-0.837978516629,1.0071414908
-0.26328998719,1.0,1.01357553566,-0.128671327623,1.09246144391
-0.190286226007,1.0,-0.428791558226,-0.0302974837171,-0.853660741384
0.0346237074587,1.0,0.495053493496,0.122006997495,0.520828318656
0.937939402761,1.0,2.65906503585,0.949206026686,2.83835432117
1.38108260069,1.0,0.0454974067543,0.955301177318,-0.458604804866
1.12409749493,1.0,1.86679315887,1.10296844136,1.83917483351
-1.09652180419,1.0,-0.184620446413,-0.873620068875,-0.169017601376
1.47669367197,1.0,3.78886975839,1.51111934273,4.18766055251
0.179700189577,1.0,0.751396564491,0.0544186099154,1.09492891955
-2.43011943259,1.0,-1.7456319124,-1.95496189417,-1.29870769282
1.59601753194,1.0,2.26048658641,1.84606667817,1.9329569649
-0.295477576209,1.0,2.67660666246,-0.518625419552,2.5419686153
0.72513088299,1.0,-0.114579726938,0.593425766415,0.579263595349
1.08196763088,1.0,2.1431824529,1.27134243082,1.88881879749
-1.90958331434,1.0,-2.22081408506,-1.76527885927,-2.31060825679
-0.916181311815,1.0,-0.0589563133622,-0.998223836529,0.0148865222569
-1.53701887273,1.0,1.47812251634,-1.40451002331,2.51094217401
0.0450210966529,1.0,2.86045255768,0.0731665165659,2.85937473473
0.197752120983,1.0,1.01758387543,-0.0564297089201,1.0242836566
0.271204947482,1.0,2.25164829985,0.503173238701,0.95389105571
2.33813381954,1.0,1.67050327858,2.1639922712,1.88809527859
0.187948091217,1.0,-0.565783345151,0.0827295637582,-0.132339243564
0.693635512131,1.0,3.43937465555,0.761231194064,2.64628269067
-0.535777050002,1.0,-0.083802107237,-0.475605188784,-0.541461724349
1.53467496134,1.0,-0.739109346378,1.69229807174,-1.1171996031
-0.678864430936,1.0,0.19830621114,-0.774137223232,0.434526633152
-0.648643783223,1.0,1.38548519471,-0.792737727808,1.92778550427
1.07379982946,1.0,1.514112787,0.927488442629,1.29378976023
0.484999215043,1.0,1.90321649458,0.717310602932,2.91085126447
-2.82739166948,1.0,0.0718674892547,-2.87696028335,1.06120184241
-1.35555672167,1.0,1.10960668944,-1.41891599211,0.866747520358
1.54528517169,1.0,1.20937656344,1.7249543939,1.07823548138
-0.407550381245,1.0,-0.314811678898,-0.279563700204,-1.05867334775
-0.531317061122,1.0,-0.812728477533,-0.481134726996,-0.893102484068
-0.50261721617,1.0,2.02138104407,-0.434391799166,2.41083744131
-1.07332229823,1.0,0.472026600918,-1.18761840152,1.0496718934
0.770840358876,1.0,3.17809554612,0.84930245833,3.1553443164
-0.149666240315,1.0,0.352677180102,-0.334490084472,0.639932559124
1.02108669432,1.0,-0.223556912134,0.628141818924,-0.312691796277
0.448808144946,1.0,0.350113129321,0.850906137984,1.11470811566
0.217134510958,1.0,1.36789221382,0.256076805912,1.08775925114
-0.184975118634,1.0,2.06624890054,-0.288846355652,2.51382797861
1.34806089173,1.0,2.55464673925,1.47359482578,2.85507875214
0.0109402587544,1.0,1.03511053749,-0.25159881579,0.830536691284
0.223168516039,1.0,1.35455175547,0.0525397747928,0.881297804465
0.842680234274,1.0,1.05467889886,0.989870040062,1.19130362359
1.4371587921,1.0,-1.27010560195,1.70552679977,-1.35408148424
-0.654303773914,1.0,-1.94372821936,-0.807503999197,-2.37564101106
1.16630212076,1.0,0.519779319423,1.13854747499,0.390505133775
0.787347936331,1.0,1.76520833461,0.576197777966,2.47365725793
-1.38520482811,1.0,1.97935381539,-1.28714667753,1.67739519459
-1.42943732424,1.0,-0.387469287038,-1.78373291468,-0.518597085056
-0.944176015817,1.0,-0.323285426236,-0.845312103447,-0.536851408886
-0.79277352989,1.0,-1.52338729349,-0.582411640612,-2.21734665245
-1.04413538295,1.0,-0.0358283473993,-0.97227124101,0.00840856042733
-0.471111342878,1.0,1.43017678251,-0.380556738019,0.736312968852
1.60166812482,1.0,2.54790347344,1.69550454487,2.68655002942
-0.0574699578636,1.0,-1.71034092284,0.0276022535435,-1.88256185641
0.835594300041,1.0,2.30292386314,0.951686831497,2.39953889565
-0.222568780672,1.0,-0.0552962627262,-0.212816057899,-0.416047000708
0.411736697444,1.0,3.29613505936,0.178010866281,3.26624029229
-0.288700328433,1.0,0.776690198009,-0.367376886065,0.988425537327
0.502106895621,1.0,3.36062908874,0.664122693702,3.53894499557
-0.901826265812,1.0,1.36875691009,-0.985659294824,1.00843139038
0.677777616736,1.0,3.0443350719,1.12335453573,2.82617474112
1.8813054829,1.0,2.33013304532,1.83713783051,1.34115523736
-0.0150218748279,1.0,0.704173831289,-0.00691838122388,0.701802755936
0.129652801855,1.0,1.02179260056,-0.0933279818821,1.10214572443
-1.31679536371,1.0,-1.30296542904,-1.25446329974,-1.21075140384
-0.362473741855,1.0,1.03022226623,-0.252051811268,0.899906461767
-0.492728740059,1.0,0.22641551355,-0.519462662358,0.34300463677
0.237548890372,1.0,0.442811445806,0.239238810502,0.616745969818
-0.306612358178,1.0,0.704314998173,-0.281169689643,0.135971256365
1.36233809335,1.0,2.41770571236,1.56011752658,2.00551956244
-0.499175536168,1.0,2.52383904423,-0.722649623208,2.68308513469
-0.411640563246,1.0,0.283536758479,-0.0884869748698,0.149712105919
-0.593840976898,1.0,1.81727823591,-0.493436641402,1.89499408746
-0.356322520889,1.0,2.58824960305,-0.276216311008,2.67563395243
-0.714899830301,1.0,0.329785936333,-0.518026300762,0.645586675998
1.29935979991,1.0,2.33168569193,1.38819935938,2.25299477427
1.1452006506,1.0,3.92987907429,1.20035266961,3.89642022899
0.146831619628,1.0,0.931387434487,0.0640001606115,1.16192098302
1.2415730344,1.0,-0.430843617897,1.53264985875,-0.486306163411
1.28718973643,1.0,2.44106004514,0.97067743396,2.64945620557
-1.15876949914,1.0,1.4936818618,-1.4238709661,1.93629417331
1.60197656738,1.0,3.13049144923,1.41025371698,2.99175212676
0.9733349697,1.0,1.28314159634,0.668985459256,1.03043972631
1.04855545682,1.0,-0.363735119613,1.20657619536,-0.107131950823
-0.112385995045,1.0,-1.1486723605,-0.112477800996,-1.49952730732
0.334913637163,1.0,5.16975400094,0.471618533205,4.83837663105
0.0189357017892,1.0,0.5116044567,0.176879823382,0.185115540095
-0.0292122898984,1.0,2.32675395585,0.188563550701,2.91870972099
0.919040941723,1.0,0.17372252965,1.08512646433,-0.0164356098409
1.18987237814,1.0,1.62378846721,0.835169852729,1.83833779706
0.305745734709,1.0,-0.748483752659,0.234216895794,-0.0128355711684
-0.489381767074,1.0,1.31675998465,-0.56543683565,1.63967762676
-0.0964321216583,1.0,1.32906499975,-0.132213024071,1.4696042227
0.513941129842,1.0,1.54675642102,0.347639032563,1.98178485511
-1.3111117892,1.0,1.58440560284,-1.13834574163,1.59573639074
0.045647248613,1.0,1.22695686368,0.00302696609444,0.823390346041
-0.774520165594,1.0,1.54090747135,-0.8476772084,1.65965507877
-0.527999530387,1.0,0.363645659733,-0.517050088056,0.835335661866
-1.06702357203,1.0,0.925751331155,-1.01498168389,0.978940976623
1.69278908606,1.0,0.118009758666,1.66928441604,-0.409795391756
-0.404181616955,1.0,-1.34119048481,-0.468191709672,-1.33060758672
-0.709798043273,1.0,-1.02080162889,-0.763484345361,-0.849272847054
-0.443529462387,1.0,2.86017100765,-0.195556326766,2.37646007881
-0.417811124669,1.0,2.4993383463,-0.504964053788,2.88226287786
2.67638527431,1.0,0.661770278359,2.69966341473,0.450833405205
-0.224187278866,1.0,-0.450372455774,-0.378058127974,-0.484772759498
-0.774593945913,1.0,-1.51063277535,-0.924306866636,-1.0305032184
1.51405061543,1.0,3.44948585345,1.42521143642,2.9790623229
0.707355947529,1.0,1.15393723118,0.529409125729,1.86918676223
-1.95400584242,1.0,-1.02024044922,-2.37295043798,-1.098380154
0.10755176685,1.0,1.89593653803,-0.103908520808,1.50272047191
0.357897759432,1.0,2.44592929376,0.27927977569,2.56092409948
-0.727682404128,1.0,-0.27801296428,-0.783266776403,-0.345663587032
1.5876924716,1.0,2.70939238456,1.32829842406,3.11178470029
0.909962166373,1.0,2.01627691467,0.94721141792,2.2155047741
-0.345246385163,1.0,0.0518321368145,-0.154965337169,0.0583965841271
-0.50904288892,1.0,1.1872781196,-0.193082533053,0.935332446113
-0.997192601137,1.0,0.317536722941,-1.34637460536,0.685999034583
0.785322172073,1.0,1.02569279301,1.07544385784,0.996734272445
-0.473211662575,1.0,-0.399190982102,-0.289974451209,-0.519384898192
0.355200296182,1.0,2.44336248153,0.175537832944,2.07069564781
0.547881547266,1.0,1.39308778918,0.725248225751,0.996256442966
-0.227099800338,1.0,3.72766142097,-0.345889757488,3.94095433319
0.689746564092,1.0,-0.160994579321,0.90383128456,0.215443380221
1.06452132354,1.0,2.69032580379,0.628670752014,2.29292732606
-1.43086086568,1.0,2.86963310178,-1.381966996,2.43156591406
1.47329443669,1.0,1.33711493196,1.27627003553,1.48600464334
-1.03334322928,1.0,1.63409366934,-0.869847387347,2.26128152756
-0.404636710884,1.0,1.17786229217,-0.573133432362,0.883366441514
0.45642011599,1.0,1.91150505065,0.214726593879,1.64747003962
-2.03690590413,1.0,-3.22561363902,-1.89557625155,-3.48021337144
-0.830292092293,1.0,0.90144418739,-0.678629695814,1.27911227939
1.38717765032,1.0,2.70919540299,1.28332353828,2.08837234615
-0.745888969412,1.0,0.631401408143,-1.05948428747,0.504737293822
0.341687841127,1.0,-1.68002217548,0.190632044624,-2.04372877024
-0.220735008766,1.0,1.28023595682,-0.550019882394,1.2720583017
0.166527122837,1.0,0.895873060183,0.0728780005155,1.56081837536
-0.635544502259,1.0,0.394978062118,-0.531292933694,0.853694154416
0.584964608591,1.0,1.97650937163,0.759157776464,1.98206716016
1.16814561237,1.0,2.38642277065,1.47937610636,2.72935837856
-1.78029121381,1.0,0.742935186666,-1.7160746118,0.694266196986
-1.50246121142,1.0,-0.958880269839,-1.32687072523,-0.618989533206
0.855223191842,1.0,3.20099982553,0.499787788648,2.88980109453
0.858022084546,1.0,0.94035103475,0.760012130655,0.386545690486
0.065998177287,1.0,0.401239927462,-0.013930659891,-0.649076158678
-0.868536762449,1.0,1.63868355829,-1.11347726435,2.27665847404
1.42937298112,1.0,3.50730637461,1.25101535479,3.9871015442
0.265238434719,1.0,0.574962087631,0.628829847584,0.201450359319
2.29413120791,1.0,1.77672551556,2.11040858695,2.20983962104
0.00662442835988,1.0,-0.211714560716,0.0846007451532,-0.834631769078
0.140763538095,1.0,-1.41450930042,0.164036436848,-1.67136596359
-1.18463393487,1.0,-0.17009099711,-1.0740834776,0.0525015735362
0.685994007653,1.0,1.42966482537,0.754668528365,1.76906043024
0.751295359123,1.0,2.06475123621,0.820404329613,1.95433986142
-0.597695753175,1.0,-0.0104655888696,-0.666653891778,0.286619304722
0.517149928287,1.0,-0.239537064904,0.574551059642,0.260415998449
-0.56640627608,1.0,0.244694915574,-0.787156401051,0.602193447206
-1.56502932273,1.0,0.207008099335,-1.53753760274,0.40854593392
2.12709408962,1.0,3.72351867252,1.93278499579,3.20339159803
0.762496358109,1.0,0.704040552482,0.635399665459,0.74681136157
-0.822743096135,1.0,1.06276938709,-0.661470517863,1.38537821827
-0.953256999198,1.0,1.70786908299,-0.891234542078,0.741668739277
0.954686001661,1.0,1.07267298931,0.945764868339,0.965049801719
1.16641847255,1.0,2.39749735264,0.94095884875,2.42147844135
0.299167895449,1.0,3.42758059486,0.356330364805,3.44631677459
-0.653658107684,1.0,-1.60743506475,-0.832642570567,-1.37856899069
0.298646222051,1.0,1.02222118568,-0.189825516589,0.947300655929
0.00674963607065,1.0,-0.846141249139,-0.135062851589,-0.314216355172
0.519474633864,1.0,0.698181413638,0.295999309539,0.450570164826
0.781221431947,1.0,1.1885615208,0.632185681935,1.5007526518
-1.1750233718,1.0,0.115714983232,-1.26692469099,-0.228003320244
1.33498166208,1.0,-0.0305346987139,1.52071075186,-0.265475377903
-0.0883415899233,1.0,1.11912093482,-0.0290534867429,1.06095345232
-0.0446451496689,1.0,0.461755505878,0.0698726755143,1.40886410894
0.206207988872,1.0,0.1753896185,0.340071633456,-0.0869861963707
-0.219342796421,1.0,-1.22679550626,-0.279927553987,-1.06993573199
0.632590270667,1.0,0.665426970659,0.806870238881,-0.27170447818
-0.0201857794013,1.0,2.644543205,0.117678995058,2.2400494575
0.786758485485,1.0,1.76694388842,0.772263617117,2.38758670685
0.579521701787,1.0,1.30139168964,0.783894539736,2.11818765614
0.918572453228,1.0,1.3878754908,0.868178554192,1.69490871803
-0.530313773806,1.0,1.94074196097,-0.361265659404,1.87347268969
-1.00780635852,1.0,1.46264378391,-1.19114353076,2.05082083857
-0.878019372421,1.0,3.49745142381,-1.2189153693,2.87756133673
0.730784624131,1.0,0.876579096844,0.582617934549,1.22698988059
-0.633492053784,1.0,1.07654067578,-0.761994596471,1.04803439898
1.4485752934,1.0,-0.510793798102,1.73100216333,-0.0753520873622
0.922856791034,1.0,1.18604952305,0.60192981407,1.42171340074
-0.0682847001768,1.0,-0.673838076662,-0.444401331256,-1.14383412265
-0.622869311866,1.0,-1.49288870699,-1.13320265071,-0.931423283422
1.04809263695,1.0,0.0232151855507,0.718933518697,0.26815906538
-0.0867994055734,1.0,2.74185869696,0.125428174565,2.53487713425
1.57476286335,1.0,1.57804371631,1.69377151455,1.46714816489
0.594181703135,1.0,1.49433850809,0.661286009323,2.27287340583
0.937309393135,1.0,1.57292966353,1.0802655582,0.863063828368
1.11112310605,1.0,4.05354508187,0.937916775021,3.73675832505
0.677679811188,1.0,0.57403128374,0.595291272844,0.0456432126272
1.05594230728,1.0,1.41754116826,1.06651208333,1.14408091524
0.0565963043614,1.0,-0.216104526567,0.332120867978,0.181997487628
-0.190550854351,1.0,2.2644472677,-0.414385095003,2.3011383485
-0.516914714514,1.0,0.0143707034952,-0.420727575809,-0.196563604601
0.15765980933,1.0,1.77565307134,0.109823488767,1.6640852986
-2.30461102715,1.0,-0.940523085655,-2.57416583295,-1.75023596563
-1.03846703923,1.0,0.586357088177,-1.13906894584,-0.156218728998
0.350929249531,1.0,0.754409184845,0.559518499574,1.0070518044
0.23571132618,1.0,0.455426104729,0.18743348229,0.876881611713
0.6450133071,1.0,-0.270108992169,0.490312186065,-0.53254189409
-0.665867027791,1.0,1.78639865532,-0.687236527617,1.16567267089
-1.67168072162,1.0,0.512274111402,-1.82711181442,0.508532831754
-0.148715663564,1.0,0.630036966211,0.0342995180708,0.554444530761
0.458665811027,1.0,1.59075018839,0.55735676881,1.15406508953
-0.00198163870225,1.0,1.98058936202,0.149065271718,2.05853107481
0.845551461248,1.0,0.64755514391,0.969867071886,0.378603075305
-0.545918440109,1.0,-0.800059897308,-0.265580907251,-0.969369108581
-0.785865959251,1.0,0.0293392970216,-0.639693619858,0.803652961137
-0.223531736158,1.0,1.46590164993,-0.377941372058,0.781889551395
1.72808731671,1.0,-1.28106641806,1.91880187739,-0.962344659284
-0.713341631471,1.0,1.21436637835,-0.850422791739,1.69798104779
-0.503019230033,1.0,2.00464345426,-0.353776217133,2.02258422488
1.39085728345,1.0,1.06605109296,1.32339622073,1.77118891417
1.57794142104,1.0,0.916831771812,1.43731279718,1.41517955816
-0.914667589112,1.0,0.86567478464,-0.758471588028,1.12469972105
-0.873916274473,1.0,-0.0108326744672,-1.02300665232,0.0739324207079
0.4339569323,1.0,3.01527388098,0.41589730617,3.36177718871
-1.43220136432,1.0,-1.16049427579,-0.690103421212,-1.59032609496
0.979372852091,1.0,0.694711147227,1.14283110691,0.773874571735
-1.5363846646,1.0,0.0545824564725,-1.59109730588,-0.179609817099
0.237796957221,1.0,1.31181555763,0.118653947647,0.740820117602
-0.428929462422,1.0,0.421023772266,-0.442065794937,-0.0528103915352
-0.168769991405,1.0,0.770877976819,-0.332420864425,0.392349357799
0.0889350789897,1.0,-0.769366498971,0.159102510708,-0.968471197117
0.412556509172,1.0,1.06693806356,0.474781068847,1.29013225676
-0.543303307899,1.0,0.91894608723,-0.422906318779,1.09311715118
-1.31246688887,1.0,-0.0879319251797,-1.11626477326,-0.61365180057
0.156387289476,1.0,0.0860728016505,0.0500949416649,-0.123493454289
0.426943814444,1.0,1.69653827648,0.244613275498,1.02725461463
0.373179036367,1.0,1.20215417746,0.51775649398,0.828188880217
0.399072347004,1.0,1.42663378748,0.463498570526,1.68627609495
-0.109158445801,1.0,2.77632213498,-0.137388754699,2.79164671243
-0.292117505661,1.0,2.67844600827,-0.352547223962,2.889630617
-0.103518518004,1.0,0.741576702698,-0.338852631275,-0.0843493271148
0.158737375708,1.0,1.75343242027,0.167925680975,1.58114339076
-0.639632939759,1.0,0.916145820381,-0.822770625456,1.27350661028
-1.08117958951,1.0,-1.98043025268,-1.4586940261,-1.84874230891
0.170129159035,1.0,0.335168868037,0.305594891277,0.615023470009
0.546351388353,1.0,3.15296143365,0.887847310229,3.61469080583
-0.841286400395,1.0,0.980577969491,-0.343067649494,0.906591062111
-1.22979523364,1.0,0.762207391233,-0.977677099652,0.321189739403
2.60782859022,1.0,1.04396693399,2.56288028441,0.761913472736
1.44977564461,1.0,1.55922071902,1.63990180569,1.37782622164
0.110815447798,1.0,-0.228198076846,0.128160457871,-0.412543027673
0.394587811656,1.0,0.659975067792,0.575870242877,1.64182253787
0.143645328891,1.0,2.46203256973,0.130974861779,2.79346896179
0.635486102875,1.0,1.00738301864,0.840588410165,1.10730118782
0.912513717894,1.0,4.08869449658,0.951083910385,3.82913180764
2.41144800187,1.0,3.80938037545,2.41618436507,3.18429315106
0.135457232291,1.0,1.31975798827,-0.0292999442823,0.878865611228
0.163491323871,1.0,0.676094140769,-0.0834436326711,0.499982209875
1.63727363616,1.0,2.94374824683,1.50817632926,3.06639993919
-1.12874837094,1.0,-2.48441760997,-1.27974892833,-2.42801381863
-0.92383757499,1.0,0.538903924449,-0.644440188165,0.622225759504
-0.532447555528,1.0,-0.650450123507,-0.544022524081,-0.178750621003
-0.234066684973,1.0,-0.835694341824,-0.314219088258,-1.05287050537
0.93783857125,1.0,-0.554811523043,0.890209663153,-0.954751380708
0.894533671001,1.0,2.13992751317,1.2572486517,2.19116129709
-0.17338240449,1.0,0.304792941305,0.0486833403725,0.171362178688
-1.13631352713,1.0,0.948470382051,-1.24730601276,0.241662213581
0.766838032625,1.0,1.51997567308,0.137492511461,1.7840545147
-1.69481696502,1.0,-0.255047598448,-1.87546518199,-0.141045229778
-0.180659646956,1.0,1.55852544183,-0.286561004895,0.789307573715
1.13182899978,1.0,3.5852225927,1.20545815769,4.01812830027
-0.0302819903014,1.0,3.58427609222,-0.0967118020773,3.56863882664
-0.827255097075,1.0,-1.3128357837,-0.942883094048,-1.19370345667
-0.0208220221466,1.0,1.31414924046,-0.0405963411171,1.27218443
-0.720086488869,1.0,2.21102967428,-0.280886009498,2.71530765121
1.05942817022,1.0,1.81027008901,1.14971320361,2.28852795034
0.839724508336,1.0,3.5601880014,1.10005536469,3.79786706543
0.267873684765,1.0,0.487781726736,0.312270194428,1.40043538309
-0.353269843895,1.0,-1.86233891781,-0.0664137508032,-1.76989432404
-0.282463370129,1.0,1.81268756533,-0.322899688406,1.74619831317
0.506938171993,1.0,2.49365638324,0.576937588988,2.01232192423
0.74020532718,1.0,3.63179688894,0.805167720336,3.81639106904
-0.371633525248,1.0,-0.13576374446,-0.358269744158,-0.186311250515
-1.10804754645,1.0,-0.190897125522,-1.06367954733,-0.492828482697
-0.144320050383,1.0,0.342783252753,-0.0385998329751,0.587054260667
-0.753229280071,1.0,-0.0068733318034,-0.548917375707,0.265859870476
-0.474553835435,1.0,2.03373543044,-0.516299469851,2.06452039432
0.029944012126,1.0,0.423454318064,-0.103663022396,1.10955013585
-0.411218389648,1.0,1.8823855773,-0.45030925199,2.23772095629
-1.77322418998,1.0,1.56426377018,-1.90315190505,1.67059499289
-2.20278828549,1.0,-0.324618920049,-1.92602219347,-0.688238829436
0.978815968452,1.0,2.89169851724,1.10964353715,2.81844273501
0.307393416473,1.0,0.87476030919,0.0309559968615,0.0711429077146
-0.317680377439,1.0,-0.480004443137,-0.222953474161,-0.177241408564
-1.85888471046,1.0,-0.554820971458,-2.03234453941,-0.560221527768
-0.0683183640478,1.0,0.565996217411,0.20931629357,0.346641845835
-0.236021241057,1.0,-0.324539012716,-0.418593673518,-0.431251822697
-0.678213709999,1.0,2.19219884673,-0.910224511479,2.24294972799
-0.0123828796178,1.0,0.0327932304321,0.0460489820742,-0.0837296668542
1.4130267578,1.0,2.68771645886,1.39748424155,2.4702007714
0.575588790877,1.0,0.597784104861,0.194793062548,0.48635086844
0.357179376938,1.0,0.711930382797,0.165424293293,0.115844853269
1.28396469038,1.0,3.25366148451,1.36804647642,3.12174552047
-0.40031398947,1.0,1.63813076995,-0.725817752722,1.68075090127
-0.218277689291,1.0,2.57336213683,0.0948063043723,2.03320385535
-0.363706399636,1.0,0.733810427319,-0.485788045328,0.0419245623028
0.0471031295603,1.0,-0.361974071919,0.116952098867,-0.650628663385
0.592456269224,1.0,0.635898831467,0.319245805835,0.660050487593
-0.853968336337,1.0,1.32058204548,-0.709574376547,1.03544604659
0.63854646037,1.0,3.15533047379,0.572888873313,2.7040316872
-2.34004866394,1.0,1.3507418594,-2.45771662765,1.21438934785
0.657016118764,1.0,0.749948567007,0.578798907697,1.09784311994
-1.62176592701,1.0,-2.34864493317,-1.87479917848,-2.58161064303
0.12063384493,1.0,-0.562269478592,0.00417937003715,-0.165331060716
1.40698899445,1.0,4.35479367634,1.29730744821,4.64196161369
-0.222714796877,1.0,2.50357660036,-0.0306419989459,2.82826146768
-0.882196725115,1.0,1.91299774296,-0.811689364697,2.7263723774
1.00480548219,1.0,-0.114915828344,1.34942894474,-0.416547406712
0.0332795277667,1.0,0.126873102917,-0.379820744342,-0.287892881676
0.751858171924,1.0,2.77766127598,0.666865001589,2.85991688934
0.579665841346,1.0,1.80941763716,0.180505896338,1.78403434626
-0.899306915831,1.0,-0.732419808062,-0.69503286989,0.0737781254624
-0.894975565637,1.0,1.0386114725,-0.6267504801,1.6810440585
1.60161336886,1.0,2.54791158641,1.5770440406,2.69898006053
-0.733180953405,1.0,2.57961956287,-0.984377016036,3.25253178239
-0.262211738351,1.0,-0.564775646935,-0.0307784862291,-0.883041499286
0.691174680442,1.0,1.24058526245,0.975187778922,1.94783277539
-1.10000235779,1.0,1.605012217,-1.08146093812,1.85299925568
0.742055800245,1.0,-2.00864542274,0.637801196348,-2.07622868166
-0.262531924932,1.0,0.598824777252,-0.106040613168,0.800066029391
-0.0342100266716,1.0,0.796128006269,0.403598276271,1.22387856351
0.843233727596,1.0,0.841630208842,0.859062741995,1.00674992195
-0.261779809522,1.0,2.39320885133,-0.172453011379,2.98613889099
-0.281371246999,1.0,0.280173045865,-0.31428811057,0.203570427876
-0.108028752658,1.0,1.01179596682,-0.0793892553277,1.28102115618
0.600440120722,1.0,2.52021126525,0.790937404875,2.55844341121
-1.01098478516,1.0,-1.80246898247,-0.857503657509,-1.46126120144
-0.115827177611,1.0,0.383412293192,-0.158948371688,0.435245228741
-0.32883130267,1.0,-0.517148035546,-0.497290019211,-0.603285377612
1.33439305507,1.0,0.985079425771,1.29849815406,1.35383426308
2.13370707323,1.0,2.46402854011,2.2206131935,2.79203088865
-0.694466840937,1.0,0.385751538497,-0.778592104429,0.41098124169
0.983159066164,1.0,2.17120835747,0.669470105113,2.06698249244
-2.53524723356,1.0,0.692104399912,-2.6823743856,0.91902121888
-0.702920465522,1.0,1.94675451502,-0.900145311609,2.25870364782
0.193280568713,1.0,0.334302878724,0.233996788665,-0.192464391627
-0.51275689089,1.0,1.22717606333,-0.61047922091,1.52235111174
-0.476273941273,1.0,1.17918547397,-0.718740196555,0.478081349441
-0.583209042082,1.0,-1.55537138303,-0.480179758375,-1.21394951114
0.161674584707,1.0,0.481026410296,0.08116857257,0.340973714804
0.409522759627,1.0,0.760931976277,0.937873274318,0.882976739308
-0.602306668889,1.0,3.39075608154,-0.152253300441,3.94879432868
0.793134061157,1.0,1.2848812184,0.880240436574,1.5207825328
-0.137548174755,1.0,2.26691633128,0.112522161337,2.19990891565
1.00909101316,1.0,1.87577198494,1.33797923228,2.31404721541
-1.02113433356,1.0,0.402836325638,-0.712956893427,0.00113069516078
-1.60196640127,1.0,0.38134259377,-1.06405413338,-0.174471705224
0.850110221115,1.0,1.93617790634,0.740633544341,1.97024425095
-0.583554352146,1.0,2.87711228904,-0.727765454704,2.96942958309
0.526286464667,1.0,0.776577499854,0.481859784837,1.15499332021
0.942544658279,1.0,0.222165717767,0.600169829929,0.0356427384211
0.932677496707,1.0,4.4414669237,1.01231806168,3.84159390821
0.222592069751,1.0,0.206430574708,-0.0581215857854,-0.353798306186
-0.937562158362,1.0,0.590935202788,-0.832118516216,0.00775232404856
0.911776946704,1.0,1.43003968022,0.98302930634,1.26084288242
0.503038617302,1.0,1.12815865362,0.447494103425,0.77983998789
0.315198144968,1.0,-1.62368972339,0.139318196151,-1.80682740085
0.0948747732488,1.0,0.956609918567,0.209033854078,1.17101143176
0.430253425085,1.0,0.748903679896,0.283540200729,0.145995399169
0.607675913326,1.0,1.35995407896,0.631458650244,0.961967283929
-0.147566163064,1.0,0.770435718856,0.143622284523,0.381064187563
0.75289057215,1.0,3.97386033998,0.888778982105,4.07005972668
-0.997248832458,1.0,0.139141404938,-0.511966249357,0.0546917344453
-1.20094630709,1.0,-0.360923856829,-0.9004274845,-0.792343505738
-1.12025561335,1.0,1.48655170167,-0.939927383855,1.29420768726
0.0956094208474,1.0,4.02281598651,-0.0779685090183,3.55137996362
0.217800439031,1.0,0.449398283026,0.0865058881601,0.410800224657
0.0666907787302,1.0,1.11747587129,0.159453773532,0.924166102612
1.78181206872,1.0,1.71301550292,1.69901904044,1.00121004816
-1.81965333753,1.0,-1.88944562211,-1.8867613896,-1.13344048568
0.372754374298,1.0,1.50219496436,0.307599408739,1.27660594328
-1.16735968491,1.0,0.368800158758,-1.23963199328,-0.113338183952
0.874945225329,1.0,-0.217505779591,0.726289212271,-0.39633021377
-0.28967923202,1.0,-0.932628002876,-0.35037634303,-0.715024683837
-0.307741946248,1.0,-0.850317557592,-0.290179583733,-0.662742312159
1.19582102436,1.0,2.43956853358,1.3484224925,2.90581610676
-0.903478723533,1.0,1.3822347235,-1.04659610359,1.7003010564
1.18212753363,1.0,2.26802451303,1.39041351737,2.14306141798
0.04986257699,1.0,0.715937971659,0.533663209341,0.620290299638
1.04526700559,1.0,-0.0164483742773,0.806152799523,-0.303363111906
-0.625261065507,1.0,0.0568023676016,-0.291612528494,-0.407369975338
-0.430869240558,1.0,1.47905494255,-0.700666868067,1.62498126368
0.0845275860749,1.0,1.93236629767,0.315287901893,1.83372642316
0.112750837226,1.0,1.46937055843,0.236019793701,1.02262983221
-0.819237546171,1.0,-0.73953929128,-0.964032222001,-0.846282555888
-0.201068822704,1.0,0.590269746123,-0.438900373689,0.962526120395
-0.718141932805,1.0,-0.582549188981,-1.18789570409,-0.851127756392
-1.23066416879,1.0,0.637944012217,-1.11701828953,0.723110602841
0.730085638783,1.0,1.24024098611,0.639569249171,0.955276671982
0.757784024631,1.0,2.78255994321,0.565599673855,3.14418392176
1.20398626243,1.0,-0.642813069394,1.01692414928,-0.926779110159
-1.28847626539,1.0,0.740906289377,-1.3228341283,1.34788704897
-0.39083365277,1.0,0.784110093329,-0.0364242276039,0.960409292421
-0.937723560389,1.0,-0.869094573785,-0.838173311023,-1.26426479904
-2.31148424182,1.0,3.63374059211,-2.26469304911,3.79666088197
0.780357343635,1.0,-0.520546636019,1.04824663345,-0.722745390386
-1.18815387307,1.0,-1.00845585888,-1.26630760579,-0.862938266707
-0.659964175688,1.0,3.95631523076,-0.63022491953,3.46914008881
-0.179507191259,1.0,2.75004161874,-0.204382274017,1.76939019278
0.55989472508,1.0,0.0542251913297,0.341353125447,-0.0723843724016
0.276966392121,1.0,-1.6625766056,0.262625047586,-2.01724061366
-0.467791974861,1.0,2.39038302345,-0.530519759267,2.55088117212
-1.30728865139,1.0,0.04327350837,-1.29714350332,-0.523768274995
-0.718713638279,1.0,0.571204427453,-0.82212975153,0.468612884774
-0.899850720391,1.0,-1.80901745035,-1.11139075581,-2.27196583678
1.48586646576,1.0,1.2290942483,1.25204519102,2.52507170881
2.38971896479,1.0,2.63611650146,2.03317228528,2.58600797253
-0.116951126043,1.0,0.038690476182,0.202303025315,-0.0475075230919
0.217982185992,1.0,0.527479628295,0.719725007817,0.216384833142
-0.0430906267089,1.0,0.943715063663,-0.265951428816,0.657410025489
-1.49819867619,1.0,2.54880042365,-1.56250703369,2.39757544084
0.0707321378692,1.0,0.582982832116,0.193117759514,-0.086967435347
-0.746246113133,1.0,1.50501780445,-0.463607692349,1.01410509668
0.964796049396,1.0,0.111474578319,1.04087990423,0.921175726498
-1.657979413,1.0,1.53234874299,-1.78959877203,1.56010751378
0.0763387424929,1.0,1.22731252231,-0.0806097939941,1.70643313722
-1.40505153489,1.0,2.35551074397,-1.36818288907,2.79910139876
-0.36740228123,1.0,3.22633293371,-0.287043027387,3.07945142427
-0.198029141455,1.0,1.53952684881,-0.29582838049,2.01719549675
-0.958723861028,1.0,-0.543151813427,-0.778327273675,-0.753071384807
-0.023724630632,1.0,0.807278872167,0.261685068793,1.00777188989
-1.28904294082,1.0,1.89378506872,-1.26822522309,2.04369723175
-0.279975688639,1.0,0.552396016303,-0.325587295044,0.536310844354
-2.1663790969,1.0,0.872684644908,-2.03575432816,-0.0899662108802
-1.2697607029,1.0,0.720331131814,-1.14838093588,1.14094993124
-1.73033795816,1.0,1.28163809163,-1.63918840205,1.2782432621
0.204226286213,1.0,2.13899377349,0.168544992679,1.56554566195
0.698477330655,1.0,2.60046099867,0.419865082659,3.58153093044
-0.179289048978,1.0,0.500820212751,-0.339308487966,0.964079416766
-1.20367146376,1.0,-0.362835050983,-1.09166750758,0.358376402762
0.624886873541,1.0,0.991631593098,0.571319872955,0.698486146651
0.183079091236,1.0,1.20852073178,0.0986543048003,0.628456682004
1.13878483654,1.0,0.835788637135,1.24756284827,0.901566346838
-1.42250161617,1.0,1.9527088202,-1.46100633533,1.68569387171
-1.0582334855,1.0,1.97857425528,-0.983824813899,2.09461832633
-0.176411199859,1.0,-1.0729575788,-0.280754692951,-1.10771742355
-0.858031054564,1.0,0.698520853675,-0.709151247541,-0.0619189869081
0.0499117544308,1.0,4.04566784128,0.0984360526782,4.6045756609
0.339983156455,1.0,0.781385510983,0.571730741919,0.522884820598
-0.732183917181,1.0,-0.421415400269,-0.715717911317,-0.106066799848
0.308515655694,1.0,1.80617995704,0.312832801328,1.61395077978
0.728747146988,1.0,0.136651098187,0.970637056637,0.434199938457
0.398955912766,1.0,0.649216674718,0.291398229141,1.43111851485
-0.331124669085,1.0,2.52020910983,-0.738323692262,2.2003808505
0.504015254879,1.0,1.24859862105,0.328379692832,0.957349763625
0.349018118537,1.0,0.336489118645,0.505997317257,0.0571771652314
-0.328522255825,1.0,0.122644715154,-0.573275560639,-0.493879195196
0.985860985124,1.0,2.62969014071,0.962887241699,1.65037106196
0.150601068853,1.0,1.50643278515,-0.22839267988,1.01556898833
0.0614180090952,1.0,1.99076682314,-0.174011463786,1.98947565058
0.182978002372,1.0,4.55730435933,-0.122304370868,4.57048988401
-0.663132576289,1.0,0.57990103564,-0.943637557194,0.428003260843
0.229313231537,1.0,0.658610610172,-0.074734470829,1.29324801362
1.15103333025,1.0,3.90934374211,0.855827920777,3.97785071583
0.930599883603,1.0,2.09923855067,0.876061007995,2.35167201002
0.831442248176,1.0,2.04816638942,0.773199695496,1.98687154226
-0.677204941987,1.0,0.67423246473,-0.651739688239,0.780426860283
0.567837388641,1.0,2.18417893502,0.171987335984,2.27406084099
0.184042361531,1.0,2.43412422033,0.1550396422,3.39894994238
-1.51353756289,1.0,-0.139759360641,-1.47488993982,-0.102459929531
0.669867525184,1.0,1.58658748601,0.827602146549,1.14051028167
-0.356532371765,1.0,1.74354692309,-0.34472793155,1.98461961104
0.103217961555,1.0,-0.280187166312,0.257903407058,-0.225106776348
0.611073939403,1.0,4.23358174837,0.692782086486,3.86572357021
-0.290083587333,1.0,1.36643954627,-0.219979394727,1.8631339018
-1.41127270291,1.0,0.506625547901,-1.3943925664,0.525777526428
-0.379168147585,1.0,-0.435575265077,-0.134367844049,-0.515178538965
0.484498803088,1.0,0.897023233109,0.152237276902,0.871806473165
-0.0946793213173,1.0,0.459842476783,0.120999176042,0.158362925314
0.0947783503606,1.0,-1.01064643089,0.197599770159,-1.67861333555
0.0125977243341,1.0,1.09520535547,-0.0664261342836,1.44664373022
1.25382632761,1.0,2.28069452129,1.2842389227,1.49459959866
1.11159200293,1.0,2.6840695028,1.30637147073,3.19805815992
-1.06308369199,1.0,2.08706751275,-1.39704009215,2.27616062915
-0.890715888114,1.0,2.50719177911,-0.815941339177,2.77469433988
1.31566943992,1.0,0.374337322525,1.31183549015,0.171603784664
1.6112074928,1.0,0.810271804909,1.4985549696,0.926224715935
0.431966007779,1.0,1.59497200939,0.704408577357,1.74877851775
-1.2765307736,1.0,0.99484394553,-1.04212913683,0.748846377143
1.07298647764,1.0,-0.774676210997,0.802554693011,-1.37348411248
0.159314231035,1.0,2.24794164757,0.022861074318,1.68708972666
2.48042394206,1.0,3.37764608071,2.56963575086,3.30089903968
0.496575365465,1.0,0.809513656426,0.771108092051,-0.0800589044021
-0.341898390639,1.0,1.24560597327,-0.501412599069,1.15256830772
-1.27770820152,1.0,1.9687964954,-1.18555993335,2.16340899168
1.47620784025,1.0,4.93530320294,1.60826439079,4.83417250105
0.934678647762,1.0,0.627287289657,1.06183877819,0.536694892825
-0.280273580569,1.0,2.12143683329,-0.204274223472,2.96494080206
-0.127065746638,1.0,-0.521034213956,-0.351158927028,-1.59088743434
-0.0420452262153,1.0,1.57800963354,-0.0694459982832,1.94109357675
0.22345380336,1.0,1.16972088884,0.261003916509,1.37951472851
0.388094299098,1.0,-0.302657637909,0.191183278139,-0.362709971988
0.241969361725,1.0,0.986266142643,0.321771163959,0.153504887285
0.556748608214,1.0,1.55440288364,1.08135118631,2.07718336987
-0.847531948052,1.0,-0.489798118713,-1.06147781631,-1.28733867459
0.485934511844,1.0,0.71824888535,0.724600701878,0.283161829151
-0.713709888625,1.0,1.88821172788,-0.626714006316,2.06032525502
-0.69972553681,1.0,2.82407499135,-0.694093311364,2.84989626744
1.82048213422,1.0,0.79704577673,2.10563881629,0.658738975627
1.30829060864,1.0,1.9423242974,1.19236129895,1.74964874541
0.078595553572,1.0,-1.54268342757,0.0676234627046,-0.935509763418
1.87744551293,1.0,2.46496437053,1.72619688597,2.39505182057
1.56786209487,1.0,2.35479689624,1.22628024939,1.98587924637
1.02148306342,1.0,1.63807229095,0.900476702907,1.94150525227
-1.069825772,1.0,-1.96483723438,-1.4882328036,-2.43544491057
-0.186850054704,1.0,-0.0847949770199,-0.570650589219,0.718154644508
0.496980784838,1.0,3.19119519311,0.269446599894,3.32124452362
2.76151113083,1.0,1.03502613092,2.98874880715,1.71853568999
-2.23997556622,1.0,-1.55353648214,-1.6076111183,-1.41247839322
-1.55923309009,1.0,0.634926422418,-1.48367060749,0.275515106424
0.384891924313,1.0,1.35370670316,0.433533630736,1.25001584869
-0.933804205335,1.0,1.29010173902,-0.888631655498,1.27608668067
0.280510488025,1.0,0.768467237411,0.332005374197,0.538969687217
1.56365201077,1.0,2.02624483897,1.6338700704,0.732392575705
-0.293467527168,1.0,0.184734787756,-0.239610211042,0.0423204330018
-0.184376282221,1.0,0.556951026671,-0.748957139262,0.522815902104
1.33057699617,1.0,1.80464515318,1.08896549768,2.25002069746
0.123427086471,1.0,2.00234826587,0.237306799439,1.78138232294
-0.689608067375,1.0,0.996063000368,-0.86693988837,0.805875167186
-0.0753385864094,1.0,2.2465298961,0.344242212725,2.53714309624
0.702203424419,1.0,-0.142621490492,1.06000369108,-0.431371025571
0.324028875324,1.0,1.49600162009,0.600273234185,1.66538414728
-0.0471366599295,1.0,1.08549450876,-0.0326710695772,1.06125615869
0.826615521722,1.0,0.896781171098,0.631079859139,0.633618532592
-0.581999748292,1.0,1.66478883691,-0.573810038064,1.60973449105
0.80644123704,1.0,1.98717639707,1.25250184045,1.76718010286
-0.410326041576,1.0,-0.240716243835,-0.345208078301,-0.426546570996
1.47347456332,1.0,1.7773889683,1.02827476757,1.66242404246
1.50158770926,1.0,1.43624184692,1.19934408607,0.899437945373
0.370242879074,1.0,0.566028541515,0.622269828717,0.608848262453
1.3074237935,1.0,2.43158234122,1.3795190959,2.25927036326
-0.219148306795,1.0,0.600555988699,-0.296451343568,0.484901743017
-0.264910137518,1.0,0.481844306988,-0.163529320271,0.219525359554
-0.903677595674,1.0,-0.228594988882,-1.04686710875,-0.493407428159
0.1604340271,1.0,2.94487772044,0.212886018755,3.17014430335
1.29178662431,1.0,2.06055432613,1.28091911944,2.16611252729
-0.0425194949429,1.0,1.17191116751,-0.383129936717,0.749477185688
2.07643419291,1.0,1.53793183491,2.03289329263,1.32982748111
0.128738472271,1.0,-0.0441586666032,0.243684967131,0.564056859123
0.280453491014,1.0,-0.794130980938,0.233554364311,-0.753097716539
-1.22433829503,1.0,-0.491606776374,-1.44526877916,-0.470660658678
-0.766421318255,1.0,-0.0260372873985,-0.798833711367,0.120043348407
1.65073379941,1.0,2.95425042074,1.82102102432,3.4677608925
0.305512876372,1.0,1.20663571227,0.020988415843,1.93632470384
-1.50677417038,1.0,1.57771377574,-1.42636734724,1.5773551033
-1.32679669142,1.0,0.341365458121,-1.11012931611,0.429372177107
-1.45403184057,1.0,-1.84373330696,-1.98676172016,-1.60580542746
0.872227013668,1.0,-1.08406941524,1.34820514824,-0.817625470132
-0.154122034179,1.0,2.68128331646,-0.0852531748109,2.69280273084
0.608638046304,1.0,1.32236868759,0.700664801306,1.4732039933
-0.947928121386,1.0,-2.34414394926,-1.09965829721,-2.84372536279
-0.955970055246,1.0,-2.94984060741,-1.2482741496,-2.64548070255
-0.204024941514,1.0,-1.39918984483,0.0420176143096,-1.06086714544
-1.15821284266,1.0,-0.45725918038,-1.00145291177,-0.832634177513
0.423662727619,1.0,0.985403533204,0.542548230473,0.278819777115
-1.02812254409,1.0,-0.55679650422,-0.701880068042,-0.319210713878
1.11983512772,1.0,0.761342417934,1.18094177899,1.29102660513
-0.677991134492,1.0,2.67735663857,-0.774371880815,2.39602958351
-0.245832355361,1.0,-1.50968265872,-0.417461474252,-1.13102592936
1.17104715081,1.0,-0.319909400951,0.902428464595,-0.189144974911
-1.36610694379,1.0,-0.425524995733,-1.54113933792,0.0822527217681
0.662363832835,1.0,-0.67534965943,0.0827068415226,-0.657712559372
0.410708833376,1.0,4.13157655968,0.299249774661,4.26549268299
-0.62919749868,1.0,0.0987116338581,-0.652241764853,0.112830825246
0.825267378312,1.0,0.864210282585,0.978702634442,1.14697145192
0.469524919415,1.0,1.73895008555,0.369347544176,1.94082001959
-2.19269124352,1.0,0.367105409226,-1.89660633581,0.272597462281
1.30703025958,1.0,2.3618099384,1.23042879965,2.6751899591
-0.205143475934,1.0,1.15720267245,-0.434336916431,1.25539208375
0.226734449602,1.0,3.34917598089,0.106151315952,3.87029907282
-0.679993815035,1.0,0.699439009708,-0.54188765308,0.842606849254
-0.792720253658,1.0,2.93820531163,-0.799141055819,2.51743899986
1.76682916288,1.0,0.626215532305,1.88431350373,0.91036946596
0.899063678921,1.0,2.282352587,0.70497727479,1.91449588249
2.32244544162,1.0,4.07542418616,2.23383277541,4.34128413891
-0.175146111571,1.0,2.65820454236,-0.254290058985,3.6578381543
-1.09008231088,1.0,-0.555156338618,-0.551286690207,-0.638688490949
-0.73726460022,1.0,2.3989729936,-0.979835166737,1.96097394824
-0.189365235003,1.0,0.563009823653,-0.271155371449,0.223398805441
0.990872939421,1.0,-1.15500276755,1.0351908359,-1.09204101243
-0.210148071351,1.0,1.12576834606,-0.273730571015,0.411032193812
0.241476537105,1.0,0.876430725079,0.408598660667,1.41338297196
-0.633165529947,1.0,-1.87240830007,-0.631837907251,-2.61329340067
0.0496250570617,1.0,1.88264367337,-0.377909228251,2.43358692396
0.411388334798,1.0,1.78392639881,0.581750151849,1.84780164888
-1.38970823623,1.0,-0.372232497568,-1.21158278802,-0.470765804141
-0.936798451643,1.0,1.35979224672,-0.774020649855,1.30721031593
-0.15019315013,1.0,-1.58650686252,0.0980678048777,-1.2202923235
-1.07454937707,1.0,1.05275066026,-1.32559658896,0.809125563603
-1.09359289758,1.0,2.44360544216,-1.00766534023,2.39384258995
-0.486567788629,1.0,1.08420268162,-0.71274116424,1.5336156983
-0.88498887843,1.0,1.7698790083,-0.983447746574,1.25855206985
0.837555649706,1.0,1.72561826779,0.939002893079,1.7726847133
-1.443064987,1.0,2.69150812741,-1.55223619939,1.86725181762
0.158789126388,1.0,2.17862688802,0.0337298907728,2.377967531
-1.84930452951,1.0,0.772629419767,-1.98709331223,0.942222644089
0.241755729336,1.0,1.58501508411,0.486902569504,1.95516937487
0.973793117444,1.0,2.07646276859,0.811766573441,2.44387811126
-0.299889045693,1.0,0.2787283068,0.0377466089333,-0.187330038595
0.376071119559,1.0,0.978295624024,0.398569278856,1.36496688046
-1.83782305495,1.0,0.461517500793,-1.78980163301,0.086839129112
-0.0779262719754,1.0,2.41387236943,-0.320715715208,2.23619962202
0.199131836741,1.0,1.6242573492,0.451686362081,1.43590748254
-0.254389390043,1.0,-0.693424329284,-0.0627075808074,-0.565531160514
-1.08343544889,1.0,1.4078467982,-1.02177702776,1.80890630109
-0.848117208676,1.0,3.39227242228,-0.755880416977,3.20613186411
-1.76578944612,1.0,-0.395292552778,-1.90149142983,-0.368616041274
0.194621751278,1.0,1.79534651876,0.363037306905,1.31788268088
-0.771158917854,1.0,-1.35922571939,-0.663743550155,-1.50148251165
-0.751587042468,1.0,0.723904708752,-0.489938036917,-0.433746521014
0.830554794233,1.0,2.1980867316,0.694009846769,2.19515981889
-0.592710799444,1.0,-1.40998916416,-0.540242676178,-1.42737245424
0.422952024388,1.0,0.657781145113,0.601108270588,0.92279422895
-0.219320152448,1.0,0.109819948325,-0.0669241898536,-0.642364416032
0.591924883825,1.0,-0.841339629048,0.273772112812,-0.343957753515
-0.574885396794,1.0,1.43359107792,-0.45395465554,1.30176715936
-0.475866296417,1.0,0.175533556008,-0.91330290554,0.0308920628161
0.224695598776,1.0,-2.29057368056,0.582536826572,-2.65446476376
2.27364578906,1.0,4.09867872392,1.82397081602,4.54506711365
-1.22029489131,1.0,1.74833692678,-1.35237551064,1.62110645123
0.267554596773,1.0,0.0893534347068,0.0341172466977,0.142381301456
-0.481594515032,1.0,3.52238028954,-0.514476980734,3.90394419544
-0.384382695951,1.0,2.362182453,-0.205845945613,1.84323836286
0.938836686519,1.0,-0.167674298077,0.858853159923,-0.576880023201
-1.7642148027,1.0,0.335100865317,-1.63926929436,0.27505766647
-0.845933846372,1.0,-0.526043377776,-0.951089665992,-0.900856623188
-1.08013210993,1.0,0.559125384988,-1.43694338396,1.2776426969
0.447994569013,1.0,1.27285660125,0.482054862047,1.5213081529
-0.37652907057,1.0,0.337867613783,-0.246795552107,0.436466693216
-0.0807846146922,1.0,2.67909180688,-0.181957252628,2.4928706584
-0.249819653606,1.0,-1.27936643182,-0.559840675588,-1.32259982243
-0.446123237895,1.0,1.73915876309,-0.0416612560431,1.8220017367
0.323586239998,1.0,0.30650144366,0.426920060507,0.570690772959
1.55216253132,1.0,1.10758070373,1.5409324029,1.59530867659
0.0748936331714,1.0,2.1669354802,0.132882214347,2.07937532306
-0.203053090768,1.0,2.01210998422,-0.346847884967,1.87117665451
-1.8341647484,1.0,0.509431695535,-1.77612583476,0.907215783915
-0.712422088387,1.0,0.697359382458,-0.363715692252,1.17664067415
-1.09927906694,1.0,0.554519135555,-0.903495117693,-0.0193159278634
-1.12450001026,1.0,-0.00418364675761,-0.947846126623,0.319383542019
-0.810368256017,1.0,1.0637648891,-0.691336705667,1.12171409488
0.552925265629,1.0,2.44724527299,0.303607005632,1.93118218492
-0.438348649052,1.0,-2.1832378843,-0.558745816723,-2.3749582218
-0.0303933563439,1.0,0.614348182357,-0.0231606552601,1.1190260194
-0.188127197144,1.0,4.93005629654,-0.209511600485,4.88364598726
-0.792476638671,1.0,-0.166272269733,-0.815709249982,-0.356689589509
0.121272738679,1.0,2.62238560893,0.010429718857,2.3449774435
-0.64038262943,1.0,-1.12495282613,-0.537357810251,-1.07115863835
-0.910760139854,1.0,2.07533489182,-1.17487129104,1.41021250613
-1.0552025595,1.0,0.635878208503,-0.588838423355,0.70598535539
-0.942381469691,1.0,1.21267982758,-1.27091272311,1.57453474183
0.828167367792,1.0,3.63942596471,0.98985569433,3.75921739336
-1.07484626425,1.0,-1.4817940906,-0.962941477158,-1.31865967118
-0.174553763513,1.0,3.62756542346,-0.230019881928,3.49538822807
0.719376501436,1.0,1.75347629774,0.571135507015,1.5662546529
-1.55467481022,1.0,0.688903747084,-1.66447474403,0.393698525354
0.568624859596,1.0,-0.166319017096,0.294387889809,-0.189586903928
-0.393459400156,1.0,-1.10533207901,-0.543767227888,-2.17758059131
-0.328016224769,1.0,2.74183512288,-0.491986448267,2.31642178273
0.527621508212,1.0,1.74462343007,0.370449191933,1.68879079756
0.343486175751,1.0,0.950285348761,-0.134128492737,0.794545976971
0.649931907214,1.0,-0.312210611046,0.589660319656,-0.34448004173
-1.1749909173,1.0,-1.3578948238,-1.13829976641,-1.66410804589
0.312181903175,1.0,1.38310442463,0.343184370234,1.7888086913
-1.15482261955,1.0,0.458684300271,-0.73143801883,0.186392119735
0.0391275105592,1.0,-0.12231851981,0.000201110161625,0.18143986567
-0.313421855888,1.0,-0.62197187716,-0.0615116247595,0.0167630609147
1.00800096006,1.0,0.358561836587,1.23254728116,-0.731398701376
-0.0421451599161,1.0,0.176659865248,-0.187456998437,0.562870257075
-0.621059095532,1.0,0.74449008819,-0.799996290566,0.734741337647
-0.269713929906,1.0,2.12162040614,-0.236748343668,1.83020416268
-0.801933332706,1.0,-0.215827193002,-0.924083478808,-0.171700072701
-0.643582465522,1.0,-1.18242985333,-0.521361174545,-1.21851053109
1.45773657468,1.0,1.36454816776,1.35042121627,2.13415328913
-1.88692899376,1.0,0.000966918072417,-1.65691203179,-0.127694722561
2.24169365205,1.0,2.70438449282,2.12055309854,2.11319221358
0.628974594984,1.0,-1.41625333497,0.88913862862,-1.59084094974
1.64875307479,1.0,3.63132639157,1.27676408937,3.86611901946
-1.48674236044,1.0,-0.143258557146,-1.21059541132,-0.00703977129153
-1.5255288817,1.0,0.819739139201,-1.52514789036,-0.377293472247
0.697625124314,1.0,1.91383257169,0.835211023016,1.80269037975
-1.54632432778,1.0,-1.5248814139,-1.33142098563,-1.15392467182
1.19988950614,1.0,0.253552521424,1.2322866121,-0.288496163608
0.864682498702,1.0,1.18198149274,1.53395239589,1.72357445669
0.230456168151,1.0,1.39884924056,0.280906694653,1.53468626439
-1.31813785751,1.0,-1.08077384807,-1.02736120162,-1.30396913893
-0.368141373134,1.0,3.0488856252,-0.892589402446,2.98318284076
1.75630133725,1.0,1.17690088831,1.95563325649,1.71754004916
0.243672369542,1.0,-0.479723287056,0.566507367614,-0.387469446636
1.21396377844,1.0,2.58099713219,1.09734220732,2.87684838938
0.831424501026,1.0,2.1693229601,0.859748407548,2.96382183435
-0.382994230243,1.0,0.287671905876,-0.469758589667,0.565457733277
0.431259192669,1.0,0.357857872958,0.445546590745,-0.169946651633
0.914963511742,1.0,1.8241249649,0.854465239657,1.38921874587
-0.0457226988896,1.0,0.31203366088,-0.0302176063378,0.629485309527
-1.14143951518,1.0,1.81774344055,-1.36414822394,0.869879067598
-1.38718850173,1.0,-1.24936207303,-1.55033763423,-1.2798269171
0.0511991949642,1.0,0.0111441301206,-0.172813434241,0.941549785826
0.715468452656,1.0,3.26408194672,0.810573913438,3.19376223159
1.71520074527,1.0,2.92608880556,1.5228459506,2.60191104099
-1.01878818881,1.0,0.958246325258,-1.05026488696,0.725973172099
-0.0832389148986,1.0,-0.463976757924,-0.182659760975,-0.376607285555
-0.534839838339,1.0,-0.548638249993,-0.405724890362,-0.71554008716
0.856578223938,1.0,1.99785622,0.969559078455,2.1281044747
-1.28922506429,1.0,0.562681872616,-1.5665471874,0.343864807769
-0.069181896706,1.0,2.34469370344,0.203699703786,3.12408163262
-0.193689523024,1.0,0.244973457182,-0.139260707923,1.0471035962
0.383603829871,1.0,0.534860399481,0.527797786036,1.13867497307
0.26601394832,1.0,3.71853319846,0.196524577509,3.90736937418
0.194954426145,1.0,2.23006859103,0.344057601845,2.46239235487
-1.62612254713,1.0,-0.0373845301441,-1.76214340777,0.224601692099
0.0125237084942,1.0,1.96203070038,-0.142620892339,1.85806926691
0.26226112042,1.0,1.89633945473,0.64806884633,1.8648105651
-0.607501514131,1.0,0.864330602944,-0.762028053347,1.24463970499
-1.22201322704,1.0,3.08576698237,-1.44927682792,4.17796465451
-0.651327338049,1.0,-1.11253700339,-0.796460818392,-1.4409517481
-0.190513862692,1.0,-0.078273542302,0.0306909036426,-0.204668290362
-2.1241679818,1.0,-1.71273340592,-2.08075807753,-1.10678588342
0.39178129987,1.0,1.54866340735,0.22535054716,1.54761456807
-1.61345222063,1.0,0.424952115599,-1.51450890625,0.514354868113
0.616785197482,1.0,1.75887390187,0.514195952271,1.18351873286
0.936144231245,1.0,1.54204069255,0.853665173387,1.99309687296
-0.796235524999,1.0,1.20425437393,-0.879090523028,1.15384174239
-0.574235957955,1.0,1.60903395975,-0.391922771186,1.44131597024
1.64831351568,1.0,2.82334167929,1.8264032262,3.44349523895
0.0947517544623,1.0,2.10893532489,0.26338918291,1.47505601761
0.366689601234,1.0,-0.109597344729,0.408473230059,-0.378482613674
0.218643138238,1.0,1.56782654731,0.0610479996656,2.06055318474
-0.533990521401,1.0,0.342707810097,-0.565123219361,0.674865251009
1.00112193423,1.0,3.08294023014,0.690775289513,2.6871604403
-2.97246271101,1.0,2.23597114625,-2.68854411716,2.5784109276
-0.53168472369,1.0,-1.54167884922,-0.609555843403,-1.02727549963
-1.555384218,1.0,-0.509289098293,-1.72311726089,-0.806458334171
-1.26326052979,1.0,0.829893800747,-1.68463901098,0.713445375895
-0.626206108904,1.0,0.439309793384,-0.622411146435,0.575484299253
-0.928154926275,1.0,-2.40699731577,-1.17410026871,-2.25811045011
0.611841577155,1.0,3.9614189644,0.493070894278,3.89648218808
-0.187280875181,1.0,0.645899658764,-0.543911838163,1.31794638835
-1.04440385313,1.0,2.42868754887,-0.765377243173,2.23055039184
-0.0674030839232,1.0,-0.373061826107,0.0989620201591,-0.564758932779
0.442059288521,1.0,1.4403235539,0.450295527336,1.36710674002
0.534497770325,1.0,-1.00583247673,0.105088275503,-0.783863719488
-0.0292270746707,1.0,-1.06003953881,0.0774292843237,-1.14107309338
-1.12625697008,1.0,1.83521140806,-0.618026405507,2.03775206578
1.97874801293,1.0,1.64279382421,2.04740992564,1.19107311729
1.41635274788,1.0,-1.23812671812,1.44548497829,-1.23366392972
-1.35256037746,1.0,1.0913728249,-1.54915188524,0.928977397647
-1.20245601246,1.0,-0.701354507265,-0.64518039506,-1.33363459902
0.587063826052,1.0,1.07610168999,0.355402148795,0.0276965400527
-1.78485308851,1.0,-0.939934950122,-1.76739777174,-0.654181317055
-0.808851383297,1.0,3.19329065017,-1.12651725717,3.44737917403
-2.43654570999,1.0,0.651064391868,-1.8212579003,0.597640143759
-0.858618533582,1.0,1.83054753793,-1.01971484383,2.0572750065
-2.23097578657,1.0,1.77164212652,-2.57281643724,1.84227404898
-0.781661041481,1.0,0.179655610714,-0.855730982699,0.25601491332
0.477618718907,1.0,2.75363398046,0.276814075738,2.56362933496
1.41134516561,1.0,2.24474932592,1.64444658665,1.82554554012
-0.525273210282,1.0,0.716403016404,-0.888232901518,0.541879379249
0.821269125409,1.0,-0.161611855596,0.763598742684,-0.189305551372
0.812621403579,1.0,0.479516481302,0.883387964176,0.367980132937
-0.979271575051,1.0,1.88690591314,-1.05327462407,1.75959091357
2.17145239279,1.0,1.20717229567,2.07281001361,0.87715766687
1.19440942212,1.0,0.0883426646174,1.56064216783,0.650244580371
0.405610622869,1.0,-0.474996099895,0.395467916332,-0.761945909656
0.997388994125,1.0,0.417326538929,1.1162484056,-0.101358495566
-1.32413686647,1.0,1.84056898562,-1.24512812465,2.05027539057
0.315051005371,1.0,2.28247045235,0.32505296483,2.99659935707
-0.320075795046,1.0,0.58017908943,-0.359662984921,0.649259809099
-0.0650237527949,1.0,2.24614735501,0.0733783334955,2.76990512489
0.79576116002,1.0,0.345158289599,1.09162676058,0.126781136283
-1.28735188408,1.0,1.37858453226,-1.42635172563,1.38659084515
0.15680779299,1.0,2.73245608417,0.48105390001,3.14303065839
-1.89174822223,1.0,0.464746399914,-1.86248036108,0.492564374602
-0.395364608501,1.0,-0.415746104028,-0.336975326811,0.207213267627
-0.314302967262,1.0,1.16118250605,-0.493229085527,1.24661725792
-0.0837646130339,1.0,0.0323905527353,-0.0102991478291,-0.0613501069885
1.00974353392,1.0,3.16235818941,0.87578548207,3.40944239776
0.517588164218,1.0,2.84996339219,0.634102008842,2.65191779123
-1.29846745685,1.0,-0.420489502044,-1.02512387619,-0.168183723514
0.897205702681,1.0,2.78009831576,0.873343260485,2.17271070936
0.141241434234,1.0,-0.0328414951317,0.0789311644639,-0.0561480205545
1.36299388234,1.0,1.20733219071,1.58256461135,1.40259581054
0.502481011181,1.0,1.8241301705,0.635396956121,1.80040192876
-1.06244545748,1.0,1.95955056285,-1.0753944628,1.538481967
0.244686332628,1.0,0.323694210536,0.174981694136,0.556949389944
1.18099085914,1.0,1.79064019016,1.08023121409,1.49021928797
-0.13684536434,1.0,-0.814964955689,-0.0170937949499,-0.475676450068
2.19463016577,1.0,0.597100947342,2.339373631,0.505954324855
-0.513623080839,1.0,-0.504099219338,-0.552804112534,-0.689085620772
-0.894910947847,1.0,1.99926037113,-0.906146734368,2.47902348307
-1.34924514404,1.0,0.0581149926968,-1.5044496985,0.0103397072726
-0.194691970077,1.0,-0.909038190918,-0.317420413066,-0.715923651577
1.55783980789,1.0,-0.697008437891,1.49374311235,-0.983530320128
0.313842273089,1.0,-0.851644888603,0.18059887365,-1.18011384704
0.0148262964974,1.0,-1.35097495772,-0.164926545458,-1.615864977
-0.428010271226,1.0,1.42590410186,-0.248269116763,1.30503612227
0.283600826146,1.0,3.70309752515,0.44104678756,3.64686749276
-1.51393251574,1.0,0.450700516922,-1.57739787776,-0.359939700839
-0.803834497678,1.0,2.00760137445,-0.591276428671,2.42735065487
-1.16686731417,1.0,3.72694620773,-0.82605093081,3.3214486967
-0.257521915495,1.0,0.0306198351452,-0.18076988811,-0.0486519163206
0.465830432061,1.0,1.28849765984,0.487335834767,1.50722263148
0.0966598123547,1.0,0.135854443337,0.723764865543,0.740247302851
0.349102351746,1.0,1.12186017738,0.659250375375,1.36309346535
-0.274514332336,1.0,2.94090767842,-0.344193441298,2.79803928275
0.553371329263,1.0,2.24040486131,0.768087109111,2.23430549013
0.000481719213019,1.0,0.315383913986,0.0909825545409,0.2869817285
-1.18019794003,1.0,0.515200112661,-1.21133880321,0.697088929811
-1.56326073616,1.0,-1.95437119668,-1.39881317487,-2.3385782908
-0.0749761846682,1.0,0.0461688410065,0.00397556438891,-0.690232111261
0.0284448728955,1.0,1.92702071291,0.0695375563052,1.72871140923
0.348773958029,1.0,-0.272516654322,0.149008058948,0.0317469585806
-0.287803087781,1.0,2.63468453297,-0.481092684194,2.11350902567
1.75092451843,1.0,3.34027969695,1.83442499057,4.02273627111
0.867730440482,1.0,1.21751294702,0.857960423752,1.12930316749
-0.467434647918,1.0,0.575737771342,-0.171935744774,0.175026488876
0.959857960086,1.0,-0.551494453536,1.32481873124,-0.0413223909227
-0.335538566526,1.0,0.466069664532,-0.411318624737,0.744680072508
-3.30777084522,1.0,-1.76194065567,-3.14631789013,-1.6317988949
-0.864207695976,1.0,-0.806509588572,-0.689607855097,-0.941645430137
-0.155587596969,1.0,0.18262027499,-0.00303537423558,0.423721472593
-0.197676192007,1.0,1.90479238282,-0.228017005653,2.41228096918
0.926120272316,1.0,0.784919473368,0.892558335069,0.734646587146
-0.946167341629,1.0,1.08637475079,-0.570208391435,0.72732581658
1.3652331616,1.0,0.269436232784,1.21054804885,0.0717961600954
-0.439133556776,1.0,1.53247505747,-0.72026930511,1.69886585958
0.307066875963,1.0,1.94475878894,0.31821490394,2.35169772766
-1.92018479608,1.0,0.634589617892,-2.00813003719,0.561996757499
-0.17518977763,1.0,-0.645025193196,-0.571911280083,-0.632812925379
-1.61308459818,1.0,0.176666723534,-1.67308150916,0.529647129458
0.309304139691,1.0,0.652025826451,0.351520180633,-0.0102005397455
-1.27445529468,1.0,0.515019060411,-1.41453450267,0.809319907619
-0.266450641131,1.0,0.886733653877,-0.558190918229,0.0265577899931
2.08329848932,1.0,3.30733967558,1.87972236317,2.93966306355
0.119835027163,1.0,1.08357811193,-0.182104264045,1.11826557843
-1.19971472542,1.0,-1.42947163413,-1.31801595594,-1.439485038
-0.704360122892,1.0,2.22431317556,-0.790337494797,1.87671695605
0.828134343411,1.0,1.6728316754,0.799056123451,0.861728979871
-0.756902744464,1.0,-1.02595137785,-0.854725029887,-0.903843666091
0.0334450103754,1.0,0.715486479717,0.133496907354,0.908276719208
-0.0672402798868,1.0,3.50367204662,-0.0538019621218,3.22585357085
-0.523014835462,1.0,0.42871924551,-0.340251050485,-0.00187680929581
1.56155759831,1.0,1.93639033354,1.40768055161,2.70714870457
0.128658238416,1.0,1.18053980333,0.169252721925,1.3631204164
0.206394715073,1.0,-0.83132117155,0.273446952831,-0.814265496081
-0.558331057194,1.0,-1.87424953513,-0.630916878589,-2.8902368496
1.63809249718,1.0,0.00339279850691,1.7790351265,0.108702452358
1.10031264515,1.0,1.99160997482,0.932528962859,1.80894278698
-0.395102285751,1.0,1.47110748123,-0.620247901946,1.41611023835
0.391692910669,1.0,1.24364697042,0.377504598326,0.734445723983
-1.54872600623,1.0,-1.5170172397,-1.64370105459,-2.29826577455
0.657788752862,1.0,-0.959152305294,0.744380761792,0.152094794456
-1.33965347945,1.0,0.0376483755012,-1.22064055789,0.057292114112
-0.453424301977,1.0,2.70312725859,-0.280026187551,1.97086774166
2.65126652872,1.0,2.52312544574,2.70871824742,2.60710189833
0.0243884376512,1.0,0.868243086781,-0.0936854225852,0.628052913609
-0.833573191093,1.0,2.03394607492,-0.867603509329,2.1657225601
0.0938119953696,1.0,2.30006274892,0.484361849062,2.03776330995
0.296514491144,1.0,-0.553378722763,0.355485962966,-0.546594952498
-2.43061794142,1.0,-2.81007016602,-2.63022884597,-2.78006188802
-1.01919046522,1.0,-2.82597222336,-0.960250455238,-2.62860957497
1.08798361852,1.0,-0.472152473478,1.3548731979,-0.418297346664
-1.77070616116,1.0,-1.12118643023,-1.62138919541,-1.67257796794
0.128614668033,1.0,1.13167113811,0.128632969639,1.17201003883
0.309442019745,1.0,2.83133064003,0.531151983134,2.01926687276
0.0824988919663,1.0,-0.700841208356,-0.285835215764,-0.741804893373
-1.16065653717,1.0,1.9976557173,-1.2411812987,2.06312987422
1.2217372675,1.0,1.92607564962,1.37421691321,1.19077877822
-0.26870820376,1.0,0.213669299274,-0.372564725334,0.2052968454
0.4838329147,1.0,1.04600238461,0.42865314358,0.134101739129
1.61905937355,1.0,1.20076793281,1.78980199082,0.790302860918
-0.262574689447,1.0,-0.0599587038984,-0.0918968995839,-0.369144523199
0.0730755549282,1.0,-0.139633735232,-0.267251375801,-0.233053922459
-1.06014757895,1.0,0.779063118665,-1.18690774634,0.639515390293
1.07353297431,1.0,1.82298054273,1.1422792156,1.53389842512
1.18876078607,1.0,-0.397953000203,0.857328611789,0.741833402654
-1.8576246925,1.0,1.36139541278,-1.86113856132,0.774041350311
0.462043609999,1.0,0.0380057927296,0.569758762882,-0.1327109049
0.422184894229,1.0,1.5678302316,0.515109632857,2.03396418042
-0.0588820529186,1.0,-0.29558254174,-0.102108283658,-0.056522048558
-0.426532198942,1.0,0.802820300947,-0.382610685058,1.06332162336
1.15291466743,1.0,-0.127452670239,1.33797988667,0.0764215705122
0.0646294803268,1.0,1.65946613154,-0.0530679107538,1.86810932837
-1.50191017129,1.0,-0.38285941559,-1.38842973793,-0.19049134807
-0.0509831113263,1.0,1.40605679647,-0.179499311334,1.66629721111
1.25245301072,1.0,1.94814677094,1.18521254927,2.14767456893
0.359674992182,1.0,2.00593478193,0.44038194804,1.92367858925
0.0105462567324,1.0,2.20372204449,-0.400939635055,2.21228485344
-0.693302752528,1.0,0.754273636272,-0.663759104723,0.619066993311
0.920713592725,1.0,2.53647230316,0.979148636706,2.32242767471
-0.131389542805,1.0,1.14491231849,-0.329156907208,1.58951151108
-0.467485768937,1.0,1.64914604748,-0.281740853176,1.23514038553
0.0408204040707,1.0,1.73092182168,0.132828916354,1.43704284323
-0.221808168918,1.0,1.31265918699,-0.242941052043,1.12382878243
-1.24281181559,1.0,-0.474100681074,-1.35739930832,-0.62730391707
0.301252860505,1.0,2.05216464776,0.331117201475,1.96781609481
-0.227551665517,1.0,0.512137875004,-0.0938006414204,0.622128870478
0.135194392329,1.0,2.20383590645,0.156938318474,3.13644351373
0.255106529755,1.0,1.62143131081,-0.180876570978,1.78018606666
-0.603202412652,1.0,0.130844231715,-0.603244387045,0.0500682104418
0.356874846572,1.0,0.976395389533,0.545233374049,1.78004612785
-1.05352873552,1.0,-0.653638576369,-1.02765649389,-0.838078140063
1.30036657016,1.0,2.69810863631,1.42661118057,2.73056657489
1.02796427394,1.0,1.45110326864,0.830404767005,1.65714520011
0.160952351991,1.0,-0.83499343224,0.135470736003,-0.687249546271
-1.74335777887,1.0,-1.77017795129,-1.72846006768,-1.21945157004
-0.183799897025,1.0,1.70162295824,-0.128142175389,1.77714587936
-0.285342900765,1.0,0.994298787659,-0.0531370141328,0.525564743948
-1.11884435065,1.0,-1.49385599751,-1.20485444936,-1.05935176775
-0.306744153524,1.0,-0.523323644327,-0.468413948205,-1.27258565895
0.259577422372,1.0,0.920942002583,0.266191729948,0.289862975455
-0.41775548905,1.0,5.64511179531,-0.49725525996,5.49433921832
1.31990896336,1.0,1.87496841911,1.08177420676,1.67109348629
-0.143541489902,1.0,3.60670019571,-0.203656358874,3.59461527437
-0.445757902225,1.0,-0.0829150479487,0.090764989041,-1.29695615017
1.19186246389,1.0,0.152840552059,0.711597416695,-0.277708143635
-1.01722119533,1.0,0.205844207547,-0.907604241875,-0.487835099012
-0.551558785411,1.0,-0.122520447014,-0.405701142313,-0.0328714957401
1.92815126955,1.0,2.12753652399,1.77961850198,1.80131897697
-0.0813430322906,1.0,-0.417432801872,0.00510575178485,-0.60273779982
-0.09252747381,1.0,0.417636522295,-0.249352747703,0.178054909321
0.325242236214,1.0,3.86426971572,0.339370505585,3.68952730899
-0.83229170451,1.0,-0.382860368294,-0.786478549732,-0.375644058953
1.15909060725,1.0,2.73645615884,1.48215471264,2.68066124872
0.394313466751,1.0,2.48931872106,0.175252022798,2.69185824923
2.18394218165,1.0,2.34920999637,2.13534660636,2.93253043739
0.754005877195,1.0,4.31378202169,0.743020511846,3.89989022141
0.0820028846092,1.0,2.08251768011,0.135993463967,1.91072442742
-0.940303558678,1.0,1.26642221564,-1.14206145822,1.37957341247
0.112515602261,1.0,1.86056078594,0.396975049231,1.61573309654
0.889657126972,1.0,1.7718407432,1.01755881332,1.54491007864
0.627116324157,1.0,3.07388650219,0.453571514806,3.49669314274
-1.2029518084,1.0,-0.36255093142,-1.48196211369,-0.0309073146474
0.244540057339,1.0,0.656354019661,0.424092405473,1.56238421874
0.691456243174,1.0,0.447905837164,1.00110614584,0.699795694365
-0.998738898277,1.0,0.416951699723,-0.667872157594,0.22903304023
0.853178123463,1.0,1.3375820907,0.802370887742,0.722238688479
0.849207114049,1.0,0.165252437207,1.18801058518,0.27968540846
0.138642324173,1.0,0.980894897344,0.0833347106786,1.12549035578
1.58468543694,1.0,3.20538269588,1.52581437223,2.61484986977
1.1706364316,1.0,-0.697821235611,1.21818794892,-0.627512510501
0.363692325973,1.0,2.17521333431,0.683938956959,2.3970033703
0.804932745116,1.0,0.31615104671,1.00031866657,0.528619971993
-0.383427132283,1.0,0.341825989228,-0.143476822269,0.877680521112
0.87725436851,1.0,3.36024990601,0.96496151671,3.12384087083
-0.585244593305,1.0,1.68579167676,-1.01767078851,1.70347767642
-0.596514699431,1.0,0.0548428147292,-0.650739123448,0.403754438481
-1.87214834551,1.0,-0.961080314054,-1.64057572533,-1.35445056323
1.16698899183,1.0,1.68431380442,1.78422523451,1.66112800869
-0.506795042617,1.0,0.984114627246,-0.182384811849,0.225057031909
0.737834855745,1.0,2.92278107868,0.593850666755,3.33871235338
2.3430303372,1.0,2.12203239938,2.32893062151,2.03112581688
-0.377551729079,1.0,1.26444293783,-0.648558817961,1.04033119581
0.180996713651,1.0,-0.490568675783,0.148556660895,0.00417956073536
-0.351290496875,1.0,-0.578410886102,-0.281804613921,-0.34547050318
-0.300695223682,1.0,-0.128370038442,-0.483163200677,-0.594704913734
0.197888511863,1.0,1.29057881688,-0.353028720583,1.56711692455
1.32535058441,1.0,3.50249951455,1.26746491354,2.89486665291
1.61450838511,1.0,2.60870029009,1.60330213309,2.12327614951
1.10818565688,1.0,2.6219973085,0.756771207721,2.2326741044
1.61725868788,1.0,2.1550778234,1.74411749266,1.96055231964
-2.31360546293,1.0,1.11934412729,-2.33935874472,0.905816692466
0.881578344724,1.0,1.21171440401,0.762114688307,1.3779697433
